Employee ID,First Name,Last Name,DOB,SSN,State
232,John,Mathews,02/24/1991,***-**-9165,AL
533,Nathan,Moore,11/19/1978,***-**-7469,AL
256,Amanda,Douglas,01/08/1990,***-**-6961,AL
189,Heather,Andrews,08/11/1976,***-**-1797,AL
284,Daniel,Hernandez,07/22/1976,***-**-7473,AL
512,Danny,Pena,01/31/1978,***-**-9878,AL
126,Gary,Knight,03/08/1994,***-**-1242,AL
556,Robin,Carroll,10/14/1972,***-**-7194,AL
595,Michelle,Dickerson,02/08/1984,***-**-2817,AL
191,Kimberly,Gallegos,08/05/1972,***-**-7563,AL
55,Morgan,Parker,01/30/1986,***-**-4320,AL
623,Mason,Rhodes,01/28/1977,***-**-4767,AL
426,Amy,Griffin,02/18/1973,***-**-1946,AL
535,Danielle,House,04/16/1975,***-**-9308,AL
399,Charles,Greene,11/28/1992,***-**-2935,AL
33,Nicholas,Martinez,04/05/1979,***-**-1689,AL
302,Tracey,Meadows,01/12/1988,***-**-6175,AL
325,Renee,Evans,03/14/1991,***-**-2708,AL
188,Joseph,Estrada,03/29/1984,***-**-2571,AL
184,Jeremy,Warner,10/20/1987,***-**-1184,AL
526,Anthony,Rodriguez,02/09/1983,***-**-3865,AL
85,Kristen,Lopez,01/02/1978,***-**-8194,AL
171,Mark,Mcdonald,06/27/1984,***-**-0101,AL
74,Robert,Freeman,01/01/1984,***-**-5211,AL
69,Michael,Reynolds,10/30/1994,***-**-8507,AL
365,Kristine,Little,07/10/1974,***-**-1771,AL
149,April,Barnes,02/15/1983,***-**-3288,AL
218,Pamela,Hodges,02/19/1989,***-**-1423,AL
647,Ronald,Gilbert,05/26/1974,***-**-4448,AL
518,Thomas,Cooper,08/17/1972,***-**-9890,AL
12,Dakota,Harrington,08/24/1972,***-**-7188,AL
622,Jennifer,Porter,01/20/1991,***-**-5572,AL
159,Beverly,Jordan,08/15/1986,***-**-3762,AL
394,Mark,Brown,04/02/1975,***-**-8531,AL
158,Amy,Ford,06/05/1974,***-**-6461,AL
446,Benjamin,King,05/07/1973,***-**-8165,AL
352,Stephen,Bryant,05/15/1991,***-**-6488,AL
598,Brandi,Williams,10/15/1989,***-**-8500,AL
505,Ashley,Hutchinson,04/26/1994,***-**-1510,AL
173,Alisha,Pacheco,01/13/1982,***-**-2496,AL
84,Robert,Campbell,02/27/1973,***-**-9581,AL
406,Sandra,Sanders,10/06/1980,***-**-1673,AL
164,Katherine,Hensley,05/29/1991,***-**-7226,AL
267,Stacy,Cox,11/08/1976,***-**-0990,AL
503,Frank,Barton,06/10/1993,***-**-5568,AL
295,Shannon,Kramer,05/04/1980,***-**-7615,AL
590,Brenda,James,12/31/1977,***-**-3251,AL
97,Paula,Edwards,08/10/1988,***-**-0638,AL
3,Jennifer,Rowe,09/16/1980,***-**-9014,AL
20,David,Foster,01/09/1990,***-**-6956,AL
179,William,Boyle,01/30/1988,***-**-0490,AL
86,Christopher,Greene,05/29/1972,***-**-8446,AL
219,Matthew,Fuller,04/27/1980,***-**-2989,AL
237,Gabriela,Nguyen,12/17/1981,***-**-3729,AL
96,Allison,Diaz,03/25/1994,***-**-8927,AL
22,Isaac,Jordan,05/06/1986,***-**-0520,AL
439,Cheryl,Bailey,10/31/1991,***-**-1224,AL
146,Julie,Castillo,02/16/1988,***-**-4523,AL
271,Michael,Adams,12/10/1986,***-**-3927,AL
103,Melinda,Parsons,02/07/1986,***-**-8751,AL
540,Robert,Campbell,01/17/1987,***-**-3694,AL
144,Julie,Nelson,08/08/1994,***-**-1332,AL
594,Steven,Nelson,04/14/1989,***-**-2085,AL
176,Hailey,Lynn,03/25/1973,***-**-9488,AL
198,Dillon,Nguyen,05/26/1978,***-**-4552,AL
433,Hannah,Miller,10/18/1973,***-**-4657,AL
274,Jeffrey,Harris,05/25/1994,***-**-4763,AL
6,Daniel,Welch,08/08/1982,***-**-6950,AL
452,Bryan,Jackson,09/08/1982,***-**-8117,AL
23,Denise,George,09/07/1990,***-**-4879,AL
373,Alicia,Carney,09/10/1989,***-**-9437,AL
374,William,Peters,03/20/1986,***-**-7516,AL
200,Dustin,Drake,09/17/1993,***-**-5454,AL
428,Jessica,Thornton,01/03/1983,***-**-2381,AL
116,Rebecca,Wilson,06/08/1980,***-**-6629,AL
418,Katherine,Lane,11/01/1986,***-**-6820,AL
9,Sarah,Harper,07/27/1993,***-**-5891,AL
230,Jermaine,Hill,09/11/1988,***-**-5479,AL
502,Michael,Marshall,04/05/1990,***-**-5125,AL
632,Kirsten,Mcbride,09/10/1973,***-**-2372,AL
112,Rachael,Holmes,07/30/1973,***-**-2067,AL
422,Leon,Foster,09/19/1975,***-**-3153,AL
131,David,Mcclain,08/02/1976,***-**-5430,AL
404,Emily,Lawrence,11/24/1991,***-**-1991,AL
504,Troy,Booth,12/27/1990,***-**-5141,AL
194,Stephanie,Ho,04/25/1983,***-**-3656,AL
567,Michele,Hendricks,03/10/1990,***-**-7341,AL
253,Eric,Harper,11/12/1986,***-**-2860,AL
407,Jonathan,Gomez,06/05/1993,***-**-4727,AL
82,Kevin,Garcia,11/25/1977,***-**-4722,AL
429,Howard,Lawson,04/13/1984,***-**-7664,AL
78,Stacy,Robertson,09/24/1974,***-**-0248,AL
167,John,Beck,07/27/1985,***-**-3635,AL
484,Julia,Morgan,03/18/1976,***-**-1731,AL
60,Allen,Leon,04/06/1975,***-**-9089,AL
400,James,Rios,03/04/1978,***-**-3987,AL
34,Ralph,Wells,10/19/1988,***-**-4237,AL
596,Megan,Chavez,10/08/1991,***-**-7659,AL
279,Ashley,Patrick,06/07/1974,***-**-0763,AL
466,Bonnie,Bowen,11/07/1993,***-**-5889,AL
327,Andrew,Lawson,04/05/1982,***-**-7313,AL
382,Tonya,Chavez,04/17/1984,***-**-5703,AL
369,Michelle,Larson,03/20/1980,***-**-3866,AL
347,Mark,Garrett,09/18/1985,***-**-4408,AL
25,Chelsea,Rivera,06/21/1987,***-**-0140,AL
317,Amanda,Krause,11/06/1977,***-**-4744,AL
321,Paige,Spencer,09/02/1991,***-**-8621,AL
193,Rhonda,Gonzales,06/07/1976,***-**-4110,AL
606,Jasmine,Kelly,06/30/1979,***-**-3251,AL
123,Amy,Sherman,08/04/1973,***-**-6029,AL
566,David,Arroyo,04/16/1975,***-**-9403,AL
409,Robert,Lin,11/12/1975,***-**-0121,AL
265,Paul,Wilson,06/19/1993,***-**-9871,AL
490,Paul,Meyers,03/13/1989,***-**-1680,AL
311,Jessica,Elliott,06/04/1978,***-**-1632,AL
537,Anthony,Richmond,10/05/1989,***-**-8935,AL
147,William,Rivera,03/08/1975,***-**-7032,AL
304,Sheri,Villegas,02/13/1985,***-**-8629,AL
472,Kelly,Hopkins,10/08/1984,***-**-6875,AL
348,Darren,Farrell,05/24/1991,***-**-5885,AL
91,Darlene,Harmon,05/05/1980,***-**-3052,AL
410,Rachel,Lyons,08/29/1972,***-**-0900,AL
344,David,Jacobs,02/28/1982,***-**-3682,AL
419,Christina,Weeks,10/15/1972,***-**-2028,AL
1,Andrea,Anderson,11/12/1984,***-**-5650,AL
532,Jennifer,Smith,01/31/1989,***-**-1748,AL
107,Shirley,Andrews,12/07/1981,***-**-5306,AL
166,Adrian,Rivera,02/13/1973,***-**-5638,AL
391,George,Mckinney,02/04/1984,***-**-7748,AL
67,Hailey,Boyd,11/17/1980,***-**-0270,AL
447,Tiffany,Harris,01/12/1983,***-**-9733,AL
653,Mary,Hunter,11/01/1977,***-**-6623,AL
294,Robert,Edwards,04/07/1980,***-**-5215,AL
416,Barbara,Lambert,09/07/1979,***-**-5353,AL
185,Angela,Armstrong,03/22/1990,***-**-2446,AL
637,Brett,Ward,09/27/1979,***-**-0204,AL
333,Troy,Sanchez,11/15/1990,***-**-2052,AL
579,Garrett,Carter,09/26/1988,***-**-7246,AL
215,James,Reeves,01/31/1988,***-**-1620,AL
152,Mary,Baker,07/08/1979,***-**-0954,AL
301,Alexandra,Bradley,06/13/1980,***-**-9390,AL
572,Aaron,James,03/25/1974,***-**-4596,AL
165,Thomas,Wood,08/21/1979,***-**-8269,AL
639,Charlene,Jackson,10/28/1989,***-**-8809,AL
405,Mary,Robbins,12/01/1975,***-**-9514,AL
390,Kayla,Washington,10/08/1985,***-**-6218,AL
641,Kimberly,Knapp,11/23/1992,***-**-1122,AL
51,Nicholas,Brown,09/18/1988,***-**-2869,AL
421,Rebecca,Marshall,05/06/1974,***-**-1020,AL
106,Mark,Smith,07/07/1979,***-**-5381,AL
379,Adam,Harrell,10/18/1981,***-**-0742,AL
76,Steve,Daniels,09/14/1980,***-**-3537,AL
68,Victoria,Potter,03/25/1988,***-**-4290,AL
118,Kathy,Preston,03/06/1990,***-**-9960,AL
127,Michael,Donaldson,01/01/1995,***-**-7624,AL
542,Brian,Bridges,02/22/1976,***-**-4546,AL
181,Martha,Gonzalez,01/17/1981,***-**-8342,AL
111,Paul,Rogers,01/10/1992,***-**-6284,AL
481,Dawn,Galvan,09/03/1989,***-**-8058,AL
568,Amber,West,01/19/1978,***-**-7363,AL
395,Christopher,Guerrero,01/29/1983,***-**-4036,AL
345,Stacy,Brooks,06/17/1991,***-**-4661,AL
438,Danielle,Kaiser,08/21/1975,***-**-9764,AL
403,Taylor,Boyle,09/26/1979,***-**-9756,AL
180,Donna,Howard,12/16/1978,***-**-3416,AL
616,Anne,Rios,11/26/1974,***-**-6513,AL
56,Theresa,Barnes,09/28/1976,***-**-2054,AL
153,Lori,Tate,03/08/1977,***-**-9123,AL
551,Alexandria,Baker,11/02/1974,***-**-3200,AL
135,Stephen,Hensley,09/30/1978,***-**-5372,AL
500,Jennifer,Fischer,11/19/1983,***-**-5609,AL
24,Pamela,Robinson,02/21/1981,***-**-4275,AL
81,Brendan,Gonzalez,08/02/1991,***-**-9993,AL
50,Richard,Turner,12/24/1982,***-**-9924,AL
328,Michael,Robinson,10/22/1973,***-**-2355,AL
402,Patricia,Sharp,07/13/1987,***-**-0306,AL
255,Elizabeth,Avila,03/15/1977,***-**-8453,AL
413,Christopher,Martinez,12/28/1978,***-**-8774,AL
507,Isaac,Woods,03/20/1984,***-**-6227,AL
62,Adriana,Wolf,10/17/1994,***-**-1702,AL
150,David,Pearson,06/14/1982,***-**-1781,AL
109,Matthew,Kramer,05/14/1988,***-**-4860,AL
310,Pamela,Archer,10/25/1987,***-**-2625,AL
243,Charles,Stout,12/05/1976,***-**-1997,AL
72,Daniel,Boyd,07/18/1978,***-**-1220,AL
608,Jimmy,Jones,02/19/1973,***-**-2030,AL
19,Rebecca,Hammond,02/21/1972,***-**-2706,AL
30,Emily,Diaz,12/04/1986,***-**-9174,AL
119,Chad,Wise,11/10/1988,***-**-1355,AL
162,Todd,Duran,01/14/1976,***-**-1832,AL
199,Brian,Mclaughlin,09/21/1987,***-**-2876,AL
187,Katherine,Rogers,05/13/1988,***-**-9500,AL
102,Joseph,Adams,01/18/1979,***-**-7778,AL
385,David,Lowery,10/21/1987,***-**-7963,AL
626,Janice,Young,07/07/1988,***-**-4863,AL
528,Anna,Matthews,02/09/1991,***-**-4474,AL
31,Katie,Garcia,03/22/1983,***-**-8462,AL
43,Maria,Estrada,04/30/1990,***-**-8108,AL
169,Ashley,Smith,07/16/1983,***-**-8720,AL
204,Amy,Wright,10/15/1991,***-**-8641,AL
494,Heather,Scott,08/20/1982,***-**-0361,AL
233,John,Anderson,05/30/1973,***-**-6681,AL
638,John,Anderson,01/07/1983,***-**-7935,AL
57,Kimberly,Harris,10/01/1988,***-**-5459,AL
648,Christopher,Smith,11/23/1976,***-**-2521,AL
192,Daniel,Singh,12/25/1980,***-**-7521,AL
73,Miranda,Nguyen,08/12/1981,***-**-2585,AL
477,Gregory,Simpson,07/09/1990,***-**-9365,AL
411,Daniel,Brown,04/19/1984,***-**-6526,AL
630,Susan,Thompson,05/17/1985,***-**-6074,AL
600,Rick,Johns,07/30/1984,***-**-7121,AL
634,Sean,Calhoun,07/31/1978,***-**-2261,AL
296,Alan,Holden,11/06/1994,***-**-6916,AL
154,Robin,Silva,07/14/1987,***-**-0453,AL
527,Nicole,Conrad,06/02/1985,***-**-6985,AL
635,Deanna,Russell,07/29/1972,***-**-9236,AL
229,Joshua,Bailey,07/20/1986,***-**-4031,AL
389,Daniel,Patrick,10/15/1972,***-**-8777,AL
220,William,Smith,06/04/1990,***-**-0654,AL
454,Kristin,Grant,08/23/1980,***-**-9693,AL
488,Kimberly,Velasquez,01/10/1989,***-**-4229,AL
41,Michael,Dalton,03/08/1994,***-**-2101,AL
522,Jason,Shaw,11/01/1985,***-**-4765,AL
269,Jonathon,Olson,07/08/1985,***-**-7767,AL
35,Andrea,Perry,02/01/1986,***-**-8897,AL
10,Anthony,Nguyen,10/09/1986,***-**-8472,AL
397,Anthony,Christensen,05/13/1983,***-**-8703,AL
45,Paul,Murphy,07/18/1975,***-**-9454,AL
210,Susan,Stewart,04/23/1989,***-**-2712,AL
197,Scott,Warren,06/24/1985,***-**-3723,AL
354,Jennifer,Avery,08/08/1987,***-**-5062,AL
552,Alexander,Vaughan,08/22/1988,***-**-8562,AL
414,Laura,Parker,12/05/1973,***-**-6879,AL
134,Derek,Harrington,09/15/1990,***-**-2836,AL
11,Daniel,Wells,08/27/1994,***-**-7268,AL
222,Kelly,Phillips,11/05/1987,***-**-1324,AL
442,Lauren,Bennett,06/05/1985,***-**-4874,AL
633,Aaron,Wolf,04/09/1978,***-**-1149,AL
361,Julia,Wright,09/04/1980,***-**-6702,AL
205,Cheryl,Dennis,06/16/1986,***-**-0712,AL
18,Donna,Lopez,02/22/1985,***-**-5711,AL
459,Matthew,Gibbs,06/12/1984,***-**-9698,AL
564,Nancy,Mitchell,02/02/1988,***-**-9365,AL
138,Ashley,Bullock,07/23/1983,***-**-5394,AL
356,Andrew,Moore,01/03/1982,***-**-5178,AL
479,Joseph,Martinez,10/05/1973,***-**-9409,AL
100,Yvette,Rodriguez,09/11/1985,***-**-8123,AL
451,Carrie,Barber,11/09/1977,***-**-3083,AL
432,Ashley,Sherman,10/01/1984,***-**-1501,AL
71,Craig,Garcia,08/18/1994,***-**-3695,AL
463,Jerome,Brown,07/10/1992,***-**-9456,AL
308,Kevin,Beck,03/29/1981,***-**-7304,AL
591,Travis,Hansen,07/28/1981,***-**-6746,AL
214,Rodney,Cook,12/15/1994,***-**-6232,AL
290,Theresa,Brown,02/20/1993,***-**-3478,AL
8,Wayne,Mercer,09/21/1989,***-**-7254,AL
182,Mary,Lee,04/12/1982,***-**-7361,AL
534,Matthew,Martin,07/12/1993,***-**-7803,AL
511,Lee,Weber,12/03/1988,***-**-9830,AL
32,James,Wilson,07/23/1977,***-**-7343,AL
289,Angela,Clark,04/20/1988,***-**-3392,AL
643,Allen,Flynn,07/25/1994,***-**-7573,AL
234,Darrell,Coleman,08/24/1992,***-**-4198,AL
618,Patrick,Wells,08/03/1979,***-**-3209,AL
246,Tyler,Beck,10/20/1986,***-**-1385,AL
546,Michelle,Jenkins,11/29/1977,***-**-8254,AL
455,Scott,Miller,09/27/1991,***-**-3580,AL
341,Maria,Mcmillan,09/07/1973,***-**-3730,AL
252,Amy,Waller,10/01/1980,***-**-8763,AL
351,Jacob,Thomas,03/31/1976,***-**-8896,AL
493,Amanda,Jones,07/31/1993,***-**-0691,AL
599,Edward,Padilla,10/09/1993,***-**-5222,AL
315,Debra,Best,02/20/1973,***-**-3320,AL
577,Gregory,Roberts,01/27/1986,***-**-4496,AL
415,Suzanne,Wheeler,05/19/1985,***-**-2982,AL
303,Ann,Lewis,01/14/1976,***-**-0619,AL
478,Michelle,Peterson,06/25/1984,***-**-2154,AL
313,Adam,Thomas,12/30/1982,***-**-1297,AL
4,Donna,Owens,09/26/1987,***-**-6696,AL
249,Pamela,Lyons,09/27/1972,***-**-3318,AL
649,Victor,Lopez,10/26/1987,***-**-3964,AL
565,Matthew,Miller,04/07/1979,***-**-3517,AL
513,Kevin,Foster,10/18/1985,***-**-5090,AL
516,Alyssa,Stokes,04/01/1973,***-**-2432,AL
545,Mark,Saunders,08/23/1973,***-**-2640,AL
38,Michael,Chapman,03/13/1977,***-**-6874,AL
309,Cole,Farrell,01/29/1993,***-**-7973,AL
578,Michael,Estrada,10/12/1994,***-**-2448,AL
178,Shaun,Martinez,12/11/1982,***-**-5793,AL
359,Victoria,Moon,01/06/1976,***-**-8604,AL
278,Brian,Peters,05/07/1982,***-**-3701,AL
292,Jose,Gonzalez,06/01/1992,***-**-9797,AL
87,John,Paul,11/20/1973,***-**-7180,AL
286,Stephanie,Smith,04/26/1978,***-**-1286,AL
221,Lisa,Wilson,11/09/1993,***-**-6950,AL
524,Cody,Duran,01/15/1973,***-**-6706,AL
453,Ann,Johnson,06/01/1981,***-**-9046,AL
468,Paula,Hernandez,10/12/1975,***-**-2951,AL
444,Patrick,Barber,07/21/1991,***-**-9891,AL
350,Dennis,Alvarado,11/27/1973,***-**-4378,AL
462,David,Peterson,06/27/1973,***-**-7312,AL
66,Tina,Williams,11/04/1987,***-**-7775,AL
495,Bridget,Koch,02/23/1973,***-**-9714,AL
586,Adrian,Hernandez,09/08/1993,***-**-5101,AL
457,Andrea,Potter,12/26/1983,***-**-6384,AL
392,David,Williams,07/07/1990,***-**-6350,AL
202,Katherine,Wright,05/10/1987,***-**-3109,AL
467,Kevin,Taylor,04/19/1979,***-**-2293,AL
627,Latoya,Mitchell,03/15/1991,***-**-3607,AL
367,Tricia,Smith,01/24/1992,***-**-7866,AL
244,David,Miles,11/26/1993,***-**-2657,AL
620,Gina,Hoffman,03/20/1990,***-**-4213,AL
642,Tamara,Whitney,09/21/1975,***-**-9208,AL
427,John,Garcia,04/14/1987,***-**-3993,AL
539,Craig,Nunez,06/13/1972,***-**-6566,AL
98,Desiree,Ross,07/07/1981,***-**-2608,AL
324,Samantha,Ramirez,08/11/1981,***-**-7086,AL
589,David,Patton,11/19/1978,***-**-9705,AL
339,Caroline,Lopez,08/09/1981,***-**-1325,AL
645,Karen,Malone,09/03/1985,***-**-5442,AL
355,Daniel,Wright,12/31/1989,***-**-3803,AL
541,Brent,Miller,01/14/1978,***-**-9692,AL
360,Mitchell,Meyer,08/31/1991,***-**-7666,AL
39,Annette,Flores,04/19/1977,***-**-3196,AL
305,Wendy,Hendrix,08/19/1983,***-**-6634,AL
474,Alexis,Cross,08/11/1983,***-**-3694,AL
571,Jeffrey,Jones,06/27/1981,***-**-1822,AL
372,Jessica,Walsh,06/01/1976,***-**-2907,AL
559,Sherry,Henderson,02/15/1991,***-**-3768,AL
521,Jennifer,Johnson,02/17/1978,***-**-3102,AL
583,Scott,Ellison,03/31/1977,***-**-8653,AL
329,Denise,Baldwin,04/06/1992,***-**-7350,AL
201,Rebecca,James,12/04/1980,***-**-1514,AL
276,Sean,Gonzales,08/11/1981,***-**-8838,AL
592,Mary,Chavez,04/27/1990,***-**-2834,AL
124,Ralph,Martinez,02/26/1980,***-**-4024,AL
133,Thomas,Stone,03/29/1973,***-**-8227,AL
314,Christopher,Anderson,07/01/1974,***-**-1835,AL
562,Allison,Garcia,02/08/1983,***-**-0105,AL
125,Charles,Hall,09/15/1982,***-**-7617,AL
625,Lawrence,Roach,04/03/1991,***-**-2080,AL
312,Christopher,Dougherty,03/29/1978,***-**-0986,AL
90,William,Small,08/05/1990,***-**-0642,AL
236,Samuel,May,03/30/1988,***-**-0970,AL
601,Brian,Lopez,02/13/1990,***-**-7558,AL
326,Amanda,Clark,07/23/1991,***-**-5043,AL
264,Cody,Taylor,11/13/1978,***-**-3700,AL
248,Sherry,Love,03/24/1975,***-**-8685,AL
485,Christine,Stone,11/07/1978,***-**-6503,AL
54,Kristy,Diaz,03/26/1988,***-**-1032,AL
2,Amy,Long,07/19/1982,***-**-7292,AL
298,Haley,Myers,03/20/1985,***-**-0757,AL
99,Michael,Holden,07/23/1975,***-**-7951,AL
186,Kelly,Ferrell,01/21/1982,***-**-2299,AL
593,Rachel,Valdez,05/21/1985,***-**-0852,AL
557,Kristine,Roberson,03/18/1981,***-**-0956,AL
375,Vincent,Watson,12/15/1974,***-**-8997,AL
460,Elizabeth,Bailey,07/15/1979,***-**-7230,AL
496,Mark,Mcmillan,07/08/1976,***-**-2503,AL
487,Sheri,Long,06/06/1978,***-**-5166,AL
469,Daniel,Mccall,07/12/1987,***-**-5314,AL
340,Dawn,Malone,04/19/1979,***-**-2070,AL
363,Evan,Romero,08/25/1994,***-**-3334,AL
108,Paul,Adams,04/19/1992,***-**-5765,AL
357,Tracy,Holt,10/20/1988,***-**-1413,AL
293,Charles,Wheeler,02/11/1972,***-**-5781,AL
604,Ashley,Harris,08/09/1993,***-**-7070,AL
7,Roberto,Schmidt,02/07/1994,***-**-1763,AL
94,Margaret,Barton,10/10/1975,***-**-0973,AL
227,Michelle,Diaz,09/25/1993,***-**-4889,AL
486,Mike,Duncan,12/15/1988,***-**-8115,AL
613,Alexandra,Thomas,01/12/1994,***-**-6760,AL
603,Mark,Murillo,09/22/1976,***-**-9915,AL
332,Carol,Dyer,03/12/1989,***-**-5545,AL
587,Daniel,Williams,11/17/1989,***-**-9146,AL
602,Sandra,Suarez,09/20/1980,***-**-9548,AL
398,Sarah,Hamilton,07/20/1976,***-**-3104,AL
148,Sydney,Floyd,03/31/1981,***-**-0722,AL
223,Jonathan,Hall,07/01/1978,***-**-6672,AL
574,Jennifer,Kim,10/03/1976,***-**-9504,AL
588,Kenneth,Sanchez,10/30/1980,***-**-8921,AL
157,Joseph,Carroll,05/09/1975,***-**-5984,AL
175,Jennifer,Arnold,10/18/1976,***-**-4368,AL
473,David,Le,08/31/1976,***-**-5444,AL
29,Jeffrey,Clark,06/28/1978,***-**-0316,AL
334,Jeffery,Reed,07/19/1985,***-**-6338,AL
465,Laura,Kim,07/26/1974,***-**-3606,AL
92,Derek,Obrien,06/29/1990,***-**-6123,AL
470,Brooke,Bishop,12/18/1980,***-**-4107,AL
128,Peter,Miles,10/26/1976,***-**-3367,AL
77,Alex,Owen,10/07/1987,***-**-9252,AL
530,Michael,Fowler,08/28/1990,***-**-3995,AL
270,Katherine,Rose,01/19/1976,***-**-0446,AL
251,Daniel,Waller,04/23/1974,***-**-0011,AL
277,Ronald,Johnson,09/19/1973,***-**-8871,AL
346,Austin,Gutierrez,06/25/1979,***-**-0203,AL
238,Brandon,Chang,05/14/1984,***-**-6687,AL
143,Alexander,Murphy,05/05/1984,***-**-0664,AL
461,Stephanie,Mendoza,03/22/1977,***-**-8308,AL
5,Gregory,Moore,02/10/1982,***-**-6226,AL
117,Jonathan,Mendoza,12/30/1989,***-**-0262,AL
396,Michelle,Phillips,09/17/1988,***-**-2345,AL
517,Justin,Morgan,03/17/1976,***-**-5133,AL
228,Michael,Hubbard,09/09/1978,***-**-8972,AL
576,Travis,Little,05/14/1992,***-**-6995,AL
482,Susan,Kennedy,12/19/1988,***-**-4558,AL
611,Emily,Mcgrath,11/10/1973,***-**-7640,AL
288,Sandra,Griffin,11/13/1988,***-**-6533,AL
322,Jessica,Sullivan,01/07/1990,***-**-2665,AL
93,Timothy,Mendoza,06/09/1980,***-**-2367,AL
631,Amanda,Pearson,08/15/1979,***-**-9832,AL
95,Jeffery,Burnett,07/28/1984,***-**-4493,AL
225,Brian,Williams,01/12/1986,***-**-5701,AL
386,Randy,Dorsey,05/09/1974,***-**-0360,AL
272,Duane,Williams,10/14/1973,***-**-8818,AL
614,Colleen,Beasley,08/12/1977,***-**-3286,AL
262,Brian,Jackson,12/21/1985,***-**-9597,AL
110,Cynthia,Price,10/15/1991,***-**-6184,AL
501,Donald,Carter,07/16/1983,***-**-5922,AL
65,Lisa,Schmitt,04/23/1976,***-**-5980,AL
458,Dustin,Nichols,06/07/1977,***-**-9015,AL
224,Jay,Brown,04/24/1980,***-**-8736,AL
160,Beth,Lynch,02/13/1984,***-**-0814,AL
259,Mary,Mitchell,01/20/1982,***-**-3602,AL
547,Joshua,Rush,08/05/1986,***-**-2710,AL
358,Jillian,David,04/11/1973,***-**-4462,AL
652,Anthony,Delgado,09/19/1994,***-**-7837,AL
49,Meghan,Wilson,05/18/1988,***-**-4722,AL
437,Andrea,Montgomery,12/03/1991,***-**-6315,AL
536,Megan,Gray,10/12/1972,***-**-4006,AL
636,Sarah,Brooks,06/27/1991,***-**-6948,AL
330,Kaylee,Clark,05/29/1992,***-**-0753,AL
538,Joseph,Martin,04/13/1992,***-**-5396,AL
168,Donna,Rose,04/20/1989,***-**-1960,AL
480,Brandi,Sawyer,07/13/1979,***-**-9334,AL
543,James,Torres,01/19/1986,***-**-5026,AL
506,Jonathan,Malone,04/14/1984,***-**-9942,AL
80,Christine,Williams,08/15/1974,***-**-1974,AL
342,Christopher,Young,12/02/1988,***-**-1343,AL
364,David,Turner,02/13/1973,***-**-7108,AL
64,Gregory,Estes,10/04/1989,***-**-9235,AL
156,Shannon,Vaughn,12/27/1992,***-**-2444,AL
285,James,Mclaughlin,01/21/1981,***-**-1088,AL
79,Michael,Brown,01/13/1986,***-**-9682,AL
170,Jennifer,Crawford,07/21/1986,***-**-5861,AL
561,Michelle,Carr,06/22/1978,***-**-2759,AL
617,Andrew,Love,05/27/1991,***-**-9696,AL
515,Anna,Bennett,06/20/1977,***-**-6909,AL
644,William,Watts,10/12/1989,***-**-6883,AL
450,Cynthia,Williams,12/23/1978,***-**-5994,AL
216,Bruce,Miles,01/21/1982,***-**-0969,AL
88,Amanda,Wilson,05/23/1972,***-**-0767,AL
130,Joshua,Riley,11/08/1983,***-**-4874,AL
408,Carla,Torres,02/23/1987,***-**-7599,AL
105,Mark,Green,06/14/1977,***-**-6893,AL
580,Stephanie,Goodwin,02/25/1986,***-**-5702,AL
388,Cameron,Allen,01/02/1986,***-**-8341,AL
316,Harold,Li,05/11/1983,***-**-2966,AL
196,Sara,Curry,06/05/1984,***-**-1678,AL
366,Caroline,Wyatt,11/12/1979,***-**-7063,AL
331,Nicole,Perez,09/28/1982,***-**-1455,AL
63,Jacqueline,Garcia,01/31/1991,***-**-8953,AL
651,Alexander,Wright,04/18/1979,***-**-7263,AL
497,Heather,Farrell,01/11/1978,***-**-0338,AL
14,Joseph,Fernandez,06/01/1978,***-**-4971,AL
52,Timothy,Chandler,03/26/1978,***-**-3897,AL
456,Gregory,Jackson,06/06/1973,***-**-0058,AL
412,Thomas,Patterson,05/06/1977,***-**-4561,AL
283,Timothy,Suarez,01/12/1977,***-**-3073,AL
174,Jennifer,Jensen,03/09/1991,***-**-4293,AL
509,Andrew,Hogan,06/08/1990,***-**-5943,AL
254,Dale,Hartman,10/01/1993,***-**-9502,AL
531,Jennifer,Williams,02/27/1977,***-**-9054,AL
104,Antonio,Perez,02/09/1980,***-**-4115,AL
549,Joshua,Hicks,01/07/1985,***-**-4786,AL
183,Edward,Thompson,08/31/1994,***-**-8605,AL
612,Lee,Zamora,03/17/1979,***-**-3321,AL
492,Wyatt,Rivers,02/07/1984,***-**-5135,AL
27,Michelle,Reeves,11/23/1972,***-**-1066,AL
287,Joanna,Hopkins,04/17/1973,***-**-2714,AL
584,Joseph,Mitchell,05/18/1980,***-**-7441,AL
624,Ariel,Ray,09/11/1972,***-**-2732,AL
53,Shawn,Murray,10/30/1990,***-**-5217,AL
206,Jose,Spears,03/01/1976,***-**-2675,AL
211,Caroline,Mayer,05/03/1973,***-**-2487,AL
646,David,Weaver,08/11/1976,***-**-2750,AL
336,Kelly,Sullivan,04/12/1988,***-**-7284,AL
555,Kyle,Ramirez,05/30/1984,***-**-2839,AL
560,Carrie,Davis,06/20/1984,***-**-6558,AL
203,Catherine,Martinez,04/28/1990,***-**-6917,AL
217,Amanda,Lewis,12/05/1988,***-**-0504,AL
371,Katherine,Bailey,03/04/1994,***-**-3545,AL
605,Rodney,Smith,05/08/1975,***-**-3105,AL
337,Savannah,Saunders,05/12/1984,***-**-2473,AL
381,Claudia,Oneal,04/01/1987,***-**-9008,AL
508,Roy,Johnson,03/30/1984,***-**-6344,AL
58,Michelle,Smith,07/08/1982,***-**-6834,AL
401,Amanda,Haney,04/11/1983,***-**-9019,AL
163,Theresa,Fletcher,10/22/1992,***-**-0535,AL
548,Debra,Green,07/20/1988,***-**-5376,AL
161,John,Cox,12/11/1985,***-**-7739,AL
464,Beth,Harris,12/22/1982,***-**-5871,AL
476,Erica,Mcconnell,07/01/1981,***-**-0878,AL
208,Kimberly,Johnson,01/22/1992,***-**-4304,AL
378,Kyle,Aguirre,10/24/1973,***-**-4469,AL
654,Nicole,English,04/30/1977,***-**-9164,AL
585,Bonnie,Turner,04/01/1973,***-**-0208,AL
621,Maurice,Gillespie,09/07/1984,***-**-8509,AL
300,Corey,Adams,10/08/1988,***-**-2578,AL
640,Brett,Nelson,06/20/1986,***-**-3049,AL
297,Melody,Nelson,01/23/1979,***-**-1931,AL
209,James,Young,04/12/1980,***-**-8557,AL
320,Robert,Smith,04/14/1994,***-**-0748,AL
242,Caroline,Larson,05/05/1990,***-**-7178,AL
258,Megan,Robinson,03/24/1973,***-**-1601,AL
570,Shawn,Edwards,01/19/1978,***-**-4865,AL
417,David,Evans,09/15/1977,***-**-6773,AL
281,Julie,Price,01/20/1993,***-**-3599,AL
436,Briana,Webster,02/08/1978,***-**-3704,AL
441,Robin,Oconnor,02/27/1978,***-**-0782,AL
425,Albert,Davidson,01/20/1975,***-**-9182,AL
553,Mark,Chen,04/02/1989,***-**-3553,AL
266,Elizabeth,Lynn,02/25/1992,***-**-8647,AL
40,Tracy,Gonzalez,11/01/1983,***-**-4059,AL
609,Patricia,Fletcher,06/30/1979,***-**-2311,AL
471,Tammy,Salinas,12/29/1980,***-**-3850,AL
307,Roger,Wright,03/04/1974,***-**-3080,AL
353,Kelly,Castillo,04/13/1992,***-**-7622,AL
393,Charles,Kelley,04/14/1993,***-**-1133,AL
607,David,Johnson,06/23/1985,***-**-9729,AL
483,David,Cervantes,01/08/1983,***-**-0082,AL
370,Valerie,Lopez,04/10/1983,***-**-0441,AL
273,Sarah,Hayes,11/20/1984,***-**-8195,AL
141,Christina,Arnold,10/20/1979,***-**-2313,AL
338,Cynthia,Bennett,11/26/1973,***-**-7899,AL
15,Michelle,Huang,04/09/1983,***-**-8363,AL
120,Amanda,Dodson,03/04/1973,***-**-6056,AL
75,Jeff,Hawkins,08/10/1992,***-**-5606,AL
115,Patrick,Taylor,07/29/1991,***-**-5595,AL
629,Elizabeth,Howard,11/05/1984,***-**-2641,AL
299,Noah,White,04/30/1977,***-**-0897,AL
498,Caroline,Jackson,12/29/1983,***-**-4102,AL
445,Andrea,Wright,06/15/1978,***-**-8386,AL
582,Sara,Smith,01/02/1983,***-**-9188,AL
245,Jennifer,Rodriguez,04/23/1974,***-**-2538,AL
129,Deanna,Terrell,02/05/1990,***-**-5743,AL
544,Kristina,Summers,02/17/1989,***-**-3058,AL
377,Laura,Mercado,04/05/1974,***-**-9514,AL
155,Matthew,Kane,11/17/1990,***-**-9385,AL
440,Tamara,White,05/20/1980,***-**-6614,AL
550,Samantha,Thompson,06/04/1976,***-**-9230,AL
47,John,Mcmillan,03/02/1983,***-**-7301,AL
89,Andrea,Webb,12/11/1985,***-**-7815,AL
145,Lori,Odonnell,10/22/1989,***-**-2415,AL
554,Ronald,Huerta,12/13/1973,***-**-6058,AL
523,Chelsea,Foster,03/26/1974,***-**-4094,AL
499,Daniel,Lopez,09/07/1989,***-**-2639,AL
37,Jonathan,Jones,01/13/1977,***-**-7798,AL
384,Jessica,Gaines,04/23/1981,***-**-9332,AL
514,Timothy,Morris,06/16/1981,***-**-2962,AL
260,Donna,Campbell,07/14/1993,***-**-2369,AL
239,Tonya,Martinez,09/04/1972,***-**-7702,AL
420,Pamela,Moore,02/20/1980,***-**-9532,AL
380,Michelle,Ali,05/05/1993,***-**-3823,AL
387,Alexander,Gibson,10/27/1983,***-**-1036,AL
207,Jay,Smith,03/06/1985,***-**-6315,AL
318,Teresa,Watkins,07/27/1972,***-**-5707,AL
16,Bradley,Guzman,05/08/1980,***-**-2817,AL
61,Rhonda,Young,06/03/1979,***-**-2336,AL
280,Brandon,Davis,07/22/1977,***-**-1621,AL
13,Brandon,Farmer,08/10/1980,***-**-2601,AL
563,Barbara,Murphy,10/30/1989,***-**-9225,AL
569,James,King,04/21/1978,***-**-1432,AL
575,Drew,Kelly,03/25/1993,***-**-3264,AL
319,Virginia,Wise,02/18/1982,***-**-8887,AL
122,Mary,Hernandez,01/29/1990,***-**-5268,AL
520,Ryan,Russell,01/06/1975,***-**-3828,AL
489,Amanda,Smith,08/05/1989,***-**-3579,AL
136,Morgan,Dunn,07/13/1980,***-**-1601,AL
142,Kimberly,Shaw,06/11/1973,***-**-7577,AL
250,Kathleen,Klein,01/15/1990,***-**-3388,AL
383,Diana,Meyers,09/13/1972,***-**-4296,AL
650,Logan,Smith,03/26/1990,***-**-0194,AL
231,Tracy,Martin,05/03/1975,***-**-0726,AL
431,Edwin,Martin,02/13/1988,***-**-9168,AL
306,Kelly,Moran,07/14/1976,***-**-0670,AL
151,Robert,Smith,01/12/1987,***-**-2300,AL
519,Jane,Martinez,01/30/1991,***-**-3977,AL
172,Denise,Castillo,10/10/1983,***-**-0042,AL
121,Jonathon,Brock,04/30/1980,***-**-9917,AL
140,Amanda,Franco,09/24/1994,***-**-5413,AL
48,Heather,Robinson,11/20/1985,***-**-1929,AL
282,Kathryn,Stout,08/24/1987,***-**-9637,AL
42,Cory,Hopkins,03/13/1977,***-**-9491,AL
247,Ryan,Snyder,07/14/1982,***-**-9330,AL
59,Sara,Walker,08/16/1985,***-**-5423,AL
137,Daniel,Garcia,04/21/1979,***-**-3001,AL
257,Paul,Evans,06/25/1977,***-**-4302,AL
343,Elizabeth,Olson,01/22/1976,***-**-7163,AL
195,Ann,Romero,10/27/1989,***-**-4046,AL
268,Thomas,Jensen,02/23/1991,***-**-3430,AL
558,Brian,Davila,07/05/1982,***-**-3711,AL
70,Donna,Howard,03/31/1990,***-**-7432,AL
28,Kimberly,Massey,01/01/1981,***-**-4649,AL
132,Jeremy,Cross,11/22/1987,***-**-4632,AL
335,Dennis,Thomas,06/11/1989,***-**-5032,AL
349,Kenneth,Martin,08/24/1989,***-**-4681,AL
510,Tyler,Brewer,06/28/1972,***-**-9006,AL
36,Scott,Brooks,02/24/1972,***-**-4958,AL
430,Derrick,Fritz,12/05/1982,***-**-0071,AL
376,Christine,Munoz,11/17/1974,***-**-0149,AL
226,Julie,Robbins,11/23/1976,***-**-4571,AL
240,Rachel,Cook,03/03/1982,***-**-9042,AL
291,Kyle,Hoffman,12/25/1984,***-**-7692,AL
619,Nancy,Nguyen,07/05/1976,***-**-3939,AL
424,John,Wells,05/25/1993,***-**-3026,AL
212,Robert,Ellison,07/16/1979,***-**-9579,AL
263,Keith,Robinson,04/15/1978,***-**-3579,AL
443,Dennis,Osborn,11/15/1973,***-**-3531,AL
26,Ronald,Hays,12/21/1993,***-**-6430,AL
491,Leslie,Brown,06/15/1973,***-**-1806,AL
114,Maria,Chapman,12/20/1973,***-**-7300,AL
434,Melissa,Torres,03/22/1981,***-**-6921,AL
615,Joshua,Weaver,11/20/1982,***-**-7030,AL
525,Crystal,Martin,08/29/1993,***-**-0679,AL
44,Sheri,Ball,08/04/1991,***-**-7548,AL
475,Steven,Ritter,02/11/1986,***-**-8004,AL
529,Linda,Krause,12/22/1978,***-**-4382,AL
83,John,Myers,07/25/1989,***-**-1869,AL
275,Mark,White,09/09/1992,***-**-7830,AL
190,Diana,Smith,12/02/1973,***-**-3506,AL
423,Karen,Lyons,06/09/1990,***-**-9081,AL
581,Laura,Glenn,10/20/1992,***-**-1468,AL
177,Diana,Spence,09/20/1983,***-**-4751,AL
573,Samantha,Farley,07/10/1977,***-**-2351,AL
46,Kayla,Mitchell,10/13/1975,***-**-9155,AL
17,Crystal,Myers,12/31/1980,***-**-6532,AL
101,Brooke,Jones,04/09/1979,***-**-2606,AL
261,John,Mueller,03/22/1987,***-**-7849,AL
435,Karla,Rosales,07/10/1983,***-**-1729,AL
448,Jennifer,Brown,08/23/1977,***-**-0700,AL
597,Blake,Jimenez,09/10/1977,***-**-3810,AL
628,Michael,Garcia,11/05/1980,***-**-4294,AL
610,Jermaine,Quinn,12/24/1989,***-**-1754,AL
113,Patricia,Cruz,04/22/1976,***-**-3822,AL
235,Cameron,Mcintosh,02/01/1975,***-**-8921,AL
21,Michelle,Brewer,06/10/1988,***-**-6836,AL
362,Hannah,Nolan,09/15/1978,***-**-1332,AL
368,Erica,Johnson,05/27/1978,***-**-9413,AL
323,Jeremy,Obrien,01/13/1982,***-**-7592,AL
